CustomerId,CustomerName,CustomerAge,ProductId,ProductName,ProductPrice,PurchaseId
2614,Ulric Donaldson,41,7036,Arcu PC,3.49,212
8133,Vernon Chambers,39,5561,Diam Dictum Sapien Incorporated,8.29,206
8188,Justin Burch,51,3039,Ultrices Incorporated,13.65,197
6687,Walker Taylor,41,3039,Ultrices Incorporated,13.65,261
8776,Solomon Grimes,82,5356,Orci Limited,16.03,339
8540,Baxter Bender,32,4488,Ante Vivamus Institute,17.38,36
2648,Lee Buck,81,5202,Orci Industries,18.65,29
4931,Lev Hancock,51,6104,Sem Magna Nec Consulting,20.14,40
3106,Elvis Maxwell,27,5883,Mauris Sit Amet LLC,34.48,258
8654,Flynn Kent,67,3293,Semper Rutrum Fusce Limited,35.06,190
8863,Richard Hobbs,45,2904,Orci Associates,36.25,76
4173,Benjamin Benton,20,4526,Bibendum Fermentum Incorporated,38.8,84
5860,Lawrence Gonzalez,36,1758,Pellentesque Ut Ipsum Associates,43.46,318
5764,Herrod Briggs,88,1070,Semper Auctor Ltd,46.87,110
9208,Ignatius Monroe,51,106,Eu Erat Semper Incorporated,69.42,257
1058,Kyle Oliver,50,3352,Metus Consulting,71.93,87
8969,Philip Calderon,78,7268,Eleifend LLP,74.56,39
5657,Addison Nixon,72,3636,Mattis Company,77.08,254
8611,Jack Prince,51,4490,Aptent Associates,105.48,278
2926,Armand Logan,24,2327,Interdum Feugiat Sed Inc.,109.0,14
2674,Brett Schroeder,46,504,Arcu Et Corp.,111.46,28
9218,Jesse Evans,70,1140,In Dolor Fusce LLP,118.2,283
9569,Brady Berger,30,1380,Lobortis Quis Pede Company,123.98,57
1007,Darius Shepard,41,6981,A Nunc In Foundation,150.59,243
542,Yuli Nieves,86,8118,Suspendisse Limited,169.44,313
4225,Emmanuel Hoover,26,9472,Vel Vulputate Ltd,174.05,72
7124,Erasmus Stein,61,9978,Donec Limited,178.12,153
4734,Dante Patel,26,4140,Semper Corp.,182.62,284
9775,Alan Vaughan,32,1360,Posuere Cubilia LLP,195.81,337
6247,Moses Guerra,39,654,Dolor Elit Pellentesque LLC,209.19,251
5942,Xanthus Schwartz,19,4955,Mauris Nulla Integer LLP,212.96,259
9113,Calvin Hancock,49,66,Magna Associates,213.5,5
8556,Theodore Bishop,76,834,Sociis Institute,220.19,289
4491,Stuart Ballard,28,1668,Parturient Montes Industries,236.07,238
2458,Mark Rogers,73,5956,Mauris Rhoncus Id Incorporated,236.74,128
3049,Rigel Warner,44,3254,Eu Limited,242.52,371
5487,Cruz Stevenson,78,1273,Nascetur Ridiculus Industries,247.64,159
2220,Salvador Cantu,63,2714,Vivamus LLP,250.11,62
5625,Zeph Vaughan,74,703,Duis Sit Amet Corporation,258.83,332
6351,Elton Monroe,21,3229,Risus Company,269.65,327
5838,Orlando Matthews,75,1197,Curabitur Dictum Phasellus PC,284.58,144
7460,Geoffrey Brown,42,3104,Cras Company,296.72,309
1830,Armand Vance,73,4119,Interdum Libero Inc.,301.76,368
8805,Roth Thompson,78,2486,Vel Arcu Ltd,308.75,169
4686,Igor Jimenez,53,1327,Dui Company,308.8,325
2803,Benedict Wolfe,39,1810,Nec Luctus Felis Company,309.06,131
8721,Rafael Peters,32,4519,Maecenas LLC,313.34,308
8540,Baxter Bender,32,1652,Euismod Urna Company,321.89,36
97,Tiger Levy,42,1613,Dolor Associates,327.59,173
5072,Otto Phillips,58,5991,Sed Eget Consulting,327.83,291
2981,Jakeem Bennett,40,5991,Sed Eget Consulting,327.83,361
4173,Benjamin Benton,20,7553,Nulla PC,329.26,84
2614,Ulric Donaldson,41,4848,Vitae Velit Egestas Corporation,337.31,212
9285,Chaney Wiggins,26,173,Morbi Company,339.99,270
693,Uriah Roberts,71,7559,Semper Cursus Associates,341.45,150
4357,Louis Barrera,32,356,Adipiscing Mauris Molestie LLC,344.45,380
2909,Noble Mullins,43,1565,Molestie Tellus Consulting,346.03,74
2477,Zachary Swanson,71,4980,Aliquam Nisl LLP,351.81,147
9358,Elvis Pacheco,28,4980,Aliquam Nisl LLP,351.81,180
7686,Colin Hodges,20,8723,Ornare Tortor Ltd,354.18,269
2636,Adrian Reed,28,6859,Dui Associates,357.11,363
9154,Jasper Stephens,62,5960,Netus Et Malesuada Consulting,359.87,374
2034,Byron Christensen,24,53,Natoque Penatibus Et Foundation,366.07,185
8776,Solomon Grimes,82,6226,Nec Institute,376.07,339
7787,Trevor Hyde,35,2596,Porttitor Interdum Sed LLC,381.71,12
6168,Kyle Shelton,59,6337,Arcu Imperdiet Associates,390.17,56
4080,Bruno Nixon,51,2606,Nisl Sem LLC,399.47,239
3472,Wayne Beasley,29,7307,Nonummy Ut Molestie Inc.,401.56,115
9822,Preston Michael,62,2807,Neque Vitae Semper LLC,406.82,145
4546,Lawrence Chase,28,5128,Cursus Et Eros Inc.,409.69,44
6823,Seth Duffy,41,5128,Cursus Et Eros Inc.,409.69,367
474,Connor Savage,78,9366,Senectus Et Netus LLC,413.74,7
9946,Baxter Mack,21,7050,In Corporation,421.43,175
5765,Henry Harmon,75,3632,Ullamcorper Corp.,422.88,305
3004,Daquan Reid,75,2045,Et Institute,430.0,203
7460,Geoffrey Brown,42,3228,Egestas Aliquam Nec Inc.,441.12,309
2315,Murphy Austin,42,2257,Vitae Mauris Consulting,451.62,292
6351,Elton Monroe,21,1281,Ornare Lectus Consulting,451.74,327
689,Sylvester Durham,48,6665,Dapibus Gravida LLP,451.82,223
8540,Baxter Bender,32,8243,Enim LLC,451.99,36
6823,Seth Duffy,41,8243,Enim LLC,451.99,149
474,Connor Savage,78,996,Dictum Magna Ut Institute,455.12,7
3690,Merrill Zamora,57,9815,Phasellus PC,461.43,217
2315,Murphy Austin,42,6875,Magna A Neque Associates,465.59,292
3119,Peter Mckee,31,5941,Pellentesque Corporation,469.43,17
8969,Philip Calderon,78,7364,Feugiat Non Lobortis PC,473.31,52
8687,Rooney Hansen,89,5270,Maecenas Libero Ltd,478.29,142
4546,Lawrence Chase,28,263,Magna Company,482.58,44
6727,Murphy Robbins,76,4902,Vivamus Nisi Mauris Incorporated,486.3,141
4225,Emmanuel Hoover,26,572,Sed Consequat Corp.,486.86,72
7686,Colin Hodges,20,2087,Tincidunt Donec Corporation,488.62,269
7686,Colin Hodges,20,2087,Tincidunt Donec Corporation,488.62,269
7360,Sylvester Velez,30,6081,Fringilla Purus Foundation,489.91,22
8540,Baxter Bender,32,2251,Taciti Associates,492.29,36
7731,Phelan Cantrell,90,5226,Duis Consulting,499.58,90
2722,Preston Knowles,34,6114,Purus Associates,499.71,237
2636,Adrian Reed,28,1905,Nec Orci Donec Incorporated,501.31,363
5089,Adrian Jimenez,61,3643,Nulla Integer Urna Institute,504.33,89
790,Phelan Mueller,86,4745,Ut Aliquam LLC,505.82,264
9519,Keefe Herman,39,7809,Auctor Industries,514.3,236
7686,Colin Hodges,20,9360,Rutrum Justo Inc.,514.43,269
7382,Hamilton Ratliff,41,1330,Tristique Senectus Et Inc.,527.41,181
5487,Cruz Stevenson,78,4587,Tortor Nunc Commodo Associates,530.7,159
9822,Preston Michael,62,7893,Erat Volutpat Ltd,540.67,145
4892,Carlos Hutchinson,85,8582,Scelerisque Incorporated,543.13,160
9721,Fritz Weaver,79,6215,Urna Nunc Quis Limited,559.3,218
8556,Theodore Bishop,76,1057,Donec Tempus Limited,565.92,289
9154,Jasper Stephens,62,3301,Morbi Accumsan Incorporated,570.4,374
935,Garth Ford,22,2522,A Purus Limited,573.34,277
5460,Dane Hansen,46,2942,Suspendisse Commodo LLP,586.03,340
8687,Rooney Hansen,89,2140,Quisque Tincidunt LLC,589.13,142
9218,Jesse Evans,70,7034,Lacus Associates,594.56,283
8909,Chandler Dickson,23,3658,Amet Diam Eu Industries,609.9,59
1992,Colorado Solis,49,557,Sed Foundation,610.61,191
1005,Kenyon Michael,57,9429,Quam Curabitur Inc.,615.55,317
6662,Harlan Yates,37,4553,Aliquam Corporation,618.25,124
1191,Maxwell Sellers,81,4553,Aliquam Corporation,618.25,198
9444,Ezra Thompson,60,9225,Lectus Company,619.8,356
950,Cooper Henderson,69,9853,Mattis Corp.,621.42,138
2648,Lee Buck,81,3319,Tincidunt Ltd,624.19,29
6139,Kennan Mooney,25,3319,Tincidunt Ltd,624.19,267
8909,Chandler Dickson,23,45,Ornare Placerat Orci Limited,629.19,59
4173,Benjamin Benton,20,1008,Suspendisse PC,633.16,84
5526,Fletcher Navarro,89,1032,Convallis Ltd,635.99,353
5472,Ciaran Romero,65,9586,Quis Limited,646.46,82
1536,Edward Collins,61,4430,At Egestas Corporation,670.32,10
307,Francis Gentry,49,1651,Mauris LLP,702.19,79
8229,Rashad Mcdonald,70,925,Turpis Egestas Aliquam Institute,704.79,98
4534,Stuart Franco,85,1552,Ut Molestie In Institute,708.91,92
3049,Rigel Warner,44,3802,Sodales Elit Erat Foundation,722.24,371
9379,Scott Munoz,44,3088,Nec Company,725.72,314
2502,Rafael Alston,19,5095,Aliquam Adipiscing Lacus Inc.,729.79,373
4686,Igor Jimenez,53,4247,Convallis Ligula Donec Ltd,731.39,325
8556,Theodore Bishop,76,7836,Id Mollis Corporation,734.79,289
4589,Addison Ramirez,31,1505,Interdum Libero Limited,736.4,348
1669,Amery Wilson,66,8642,Non PC,737.47,358
4173,Benjamin Benton,20,503,Gravida LLP,742.53,84
929,Myles Guzman,44,5127,Fusce Diam Company,746.4,204
8607,Herrod Le,47,3651,Interdum Ligula Limited,749.95,246
7785,Sylvester Bruce,19,5268,Vitae PC,753.22,241
6139,Kennan Mooney,25,7482,Mauris Nulla Consulting,758.06,208
9444,Ezra Thompson,60,1715,Eu Neque Corporation,758.55,356
1859,Edward Miranda,29,6301,Arcu LLP,760.41,123
2648,Lee Buck,81,3972,Rhoncus Id Mollis PC,771.24,29
6559,Ryder Barnes,34,9592,Enim Etiam Ltd,793.02,136
3416,Fitzgerald Stewart,50,1256,Curabitur Company,795.18,321
2803,Benedict Wolfe,39,613,Morbi Metus LLP,798.88,131
4876,Myles Dillard,52,2219,Vehicula Risus Nulla Corporation,810.98,117
9358,Elvis Pacheco,28,5461,Arcu PC,821.43,180
2241,Ishmael Price,55,2704,Nullam Industries,831.9,302
4734,Dante Patel,26,5684,Purus Accumsan Interdum Associates,837.73,158
7714,Emerson Hinton,25,2506,Vivamus Sit Amet Associates,839.73,273
6409,Kuame Nunez,41,8766,Amet Nulla Incorporated,842.73,294
45,Charles Casey,61,1757,Nunc Est Mollis Limited,845.01,322
1335,Dennis Franklin,79,9356,Vel Arcu Associates,846.43,219
3472,Wayne Beasley,29,4605,Vel Ltd,854.27,115
1278,John Marquez,26,3592,Et Netus Et Ltd,865.09,229
6609,Gavin Middleton,30,7193,Eget Dictum Placerat Foundation,865.92,13
1444,Jordan Underwood,32,4518,Justo Proin Non Incorporated,867.49,281
9822,Preston Michael,62,4204,Arcu Sed PC,868.86,145
4734,Dante Patel,26,9329,Sit Amet Faucibus Incorporated,872.06,284
4173,Benjamin Benton,20,3190,Pellentesque Tincidunt Corp.,874.67,84
6139,Kennan Mooney,25,8669,Est PC,882.86,208
4734,Dante Patel,26,2756,Nunc Commodo Institute,885.81,158
5249,Lester Richardson,84,5634,Lacus Institute,886.59,336
9188,Hasad Hancock,34,8226,Aliquet Ltd,892.47,55
8776,Solomon Grimes,82,2245,Suspendisse Ac Metus Consulting,894.57,339
3671,Gannon Moss,66,879,Commodo Auctor Velit Institute,906.23,276
1373,Logan Franks,89,9678,Amet Consectetuer Associates,921.81,306
655,Cedric Hubbard,47,2318,Lobortis Augue Scelerisque Industries,925.39,293
8927,Colt Walsh,37,134,In Felis Corporation,933.13,163
8863,Richard Hobbs,45,8816,Cursus Diam At Corp.,934.58,76
3655,Yardley Burnett,89,6186,Libero Et Tristique LLC,935.42,310
1206,Drake Golden,56,4212,Euismod Company,936.71,331
1750,Darius York,51,2216,Odio A Inc.,944.53,288
6823,Seth Duffy,41,9212,Quisque Ac Incorporated,955.45,149
3424,Dillon Griffin,50,1120,Nullam Velit Dui Industries,958.9,304
5072,Otto Phillips,58,3820,Vel Arcu Eu LLC,960.11,291
5625,Zeph Vaughan,74,3016,Cursus Et LLP,970.08,332
3754,Dillon Petersen,81,5817,Molestie Pharetra Nibh LLC,970.81,69
1300,Bevis Lott,66,3799,Sit Amet LLC,987.69,378
2140,Ferdinand Butler,81,5765,Risus Nunc Institute,988.99,370
5052,Reese Mathis,76,6266,Mollis Nec Cursus Industries,989.55,248
1531,Clarke Steele,63,3091,Ut Company,993.54,214
4702,Kaseem Sims,35,8788,Eros Proin LLC,1020.61,68
5487,Cruz Stevenson,78,6429,Sem Semper Erat Foundation,1030.37,159
3004,Daquan Reid,75,4329,In Hendrerit Limited,1034.53,203
3083,Burke Jacobson,36,5667,Eu Accumsan Sed Corp.,1043.38,312
6581,Marvin Drake,84,8767,Pede Nunc Sed Incorporated,1043.78,146
5718,Jesse Mcgee,32,7148,Elit Sed Company,1045.28,189
6727,Murphy Robbins,76,9830,Felis LLC,1054.13,141
1278,John Marquez,26,9393,Elementum Dui Quis LLP,1064.22,229
3740,Murphy Simpson,57,9393,Elementum Dui Quis LLP,1064.22,234
5492,Dustin Barlow,75,2954,Nibh Enim Foundation,1064.28,205
4192,Myles Lynn,71,6604,Ac Metus Vitae Consulting,1079.06,226
8863,Richard Hobbs,45,4347,Ut Aliquam LLP,1079.07,76
3049,Rigel Warner,44,4347,Ut Aliquam LLP,1079.07,371
4229,Aidan Romero,85,8863,Mauris Vestibulum Neque Corporation,1091.04,338
45,Charles Casey,61,5043,Diam Eu Limited,1091.47,322
6627,Gil Hebert,89,876,Accumsan Consulting,1104.73,326
4702,Kaseem Sims,35,4131,Eu Dolor Egestas Inc.,1105.39,68
45,Charles Casey,61,3386,Ridiculus Incorporated,1106.79,322
7044,Charles Carroll,28,3437,Phasellus Ltd,1113.84,209
2403,Quinn Middleton,44,9675,Sodales At Velit Consulting,1116.81,54
8776,Solomon Grimes,82,549,Libero Nec Inc.,1118.64,339
3072,Kuame Shelton,57,8117,Scelerisque Mollis Consulting,1118.91,372
950,Cooper Henderson,69,7385,Tincidunt Limited,1122.88,138
7809,Christian Vega,78,8604,Mauris Institute,1133.7,233
4229,Aidan Romero,85,5250,In Tincidunt LLC,1149.33,338
8540,Baxter Bender,32,7233,Amet Institute,1153.34,36
5850,Zachary Miles,32,9131,Mauris Blandit Foundation,1155.8,216
5904,Macaulay Thornton,67,8912,At Inc.,1158.02,220
97,Tiger Levy,42,4074,Proin Ultrices Inc.,1162.2,173
3782,Alexander Nolan,77,3020,Aliquet Foundation,1163.44,168
2614,Ulric Donaldson,41,2526,In Institute,1176.56,212
3758,Hashim Ray,20,2526,In Institute,1176.56,362
1536,Edward Collins,61,3565,Curabitur Ut Odio PC,1188.97,10
9809,Hop Sanchez,73,7376,Ornare Ltd,1199.56,71
7787,Trevor Hyde,35,5674,In PC,1215.62,12
4800,Richard Park,19,408,Interdum Industries,1225.78,25
6581,Marvin Drake,84,6371,Metus Vivamus Institute,1239.6,146
4501,Carson Armstrong,18,5712,Hendrerit Foundation,1240.32,20
7714,Emerson Hinton,25,1434,Ligula Aenean Associates,1246.06,273
495,Cameron Perez,81,1434,Ligula Aenean Associates,1246.06,319
5671,Tobias Foley,32,9542,Ut Cursus Luctus LLC,1248.09,345
8909,Chandler Dickson,23,4249,Lacus LLC,1251.34,59
9444,Ezra Thompson,60,6084,Adipiscing Ligula LLC,1252.6,356
790,Phelan Mueller,86,4809,Suspendisse Aliquet Molestie Inc.,1277.03,264
8607,Herrod Le,47,1354,Sem Vitae Institute,1277.7,246
474,Connor Savage,78,5879,Odio Limited,1278.18,7
3049,Rigel Warner,44,3314,Libero Morbi Accumsan LLP,1278.52,371
960,Thor Bowers,34,9721,Nec Leo Ltd,1282.54,333
8957,Dean Pugh,50,819,Quam Corp.,1283.94,228
2614,Ulric Donaldson,41,7842,Quam Incorporated,1285.26,212
2055,Timon Mayo,73,2166,Amet Company,1291.79,85
4192,Myles Lynn,71,762,Sit Amet Limited,1299.42,226
9285,Chaney Wiggins,26,4396,Luctus Lobortis Consulting,1309.28,270
2985,Graiden Castaneda,90,1483,Elit Institute,1313.04,200
2803,Benedict Wolfe,39,4480,Quis Accumsan Ltd,1324.1,131
4421,Ezekiel Faulkner,36,3634,Aliquet Odio Foundation,1332.23,225
9363,Oren Robbins,34,5965,Odio Foundation,1334.43,30
6801,Colt Winters,69,4725,Ligula Corporation,1335.5,31
8559,Wallace Price,68,4359,Ornare Corporation,1337.52,119
9099,Kasper Oneill,81,837,Tempor Augue Ac Consulting,1340.02,210
6581,Marvin Drake,84,2860,Pharetra PC,1341.2,146
3655,Yardley Burnett,89,7720,Quisque Varius Ltd,1350.97,310
4916,Bevis Ortega,40,1145,Ipsum Nunc Id LLC,1362.41,275
4734,Dante Patel,26,1503,Adipiscing Elit Institute,1364.05,284
9618,Amery Rice,86,2916,Nisi Consulting,1369.14,188
3004,Daquan Reid,75,93,Nulla Aliquet Industries,1372.51,203
1795,Axel Hess,67,5596,Vestibulum Ante Ipsum Industries,1378.25,260
4173,Benjamin Benton,20,9038,Scelerisque Lorem Ltd,1379.94,84
2987,Leroy Gilbert,50,1912,Tempus Eu Ligula Incorporated,1391.9,165
5533,Derek Anthony,37,9180,Ante Dictum Cursus Corporation,1413.81,86
8747,Jasper Mcintosh,85,8298,Class Aptent Taciti Industries,1414.23,67
8969,Philip Calderon,78,4584,A Feugiat Corporation,1417.47,52
4530,Seth Donaldson,36,1189,Non Industries,1425.13,178
8388,Amos Carver,67,5809,Arcu Imperdiet Ullamcorper Consulting,1428.92,377
4754,Harlan Franks,56,9249,Et Inc.,1432.37,192
9208,Ignatius Monroe,51,5107,Adipiscing Lobortis Ltd,1433.09,257
5264,Stewart Tanner,67,938,Ultrices Posuere Institute,1448.61,53
6628,Benjamin Hughes,50,1181,Sed Dictum Eleifend LLC,1454.34,81
3106,Elvis Maxwell,27,1627,Justo LLC,1457.41,258
8927,Colt Walsh,37,7875,Scelerisque Institute,1458.52,163
5027,Josiah Manning,53,5182,Lectus Pede Inc.,1471.48,16
9721,Fritz Weaver,79,8032,Nisl Corp.,1473.87,218
3004,Daquan Reid,75,5116,Risus PC,1474.3,203
5891,Nathan Conway,25,9089,Non Lobortis Quis LLP,1475.25,172
7121,Jonas Blankenship,68,7424,Cras Convallis Institute,1483.23,231
3407,Harding Langley,22,3423,Vestibulum Ante Corp.,1486.83,99
2502,Rafael Alston,19,4652,Tellus Aenean Foundation,1488.0,373
1577,Xander Lawrence,71,5483,Dictum Foundation,1489.62,38
8611,Jack Prince,51,6534,Eu Ultrices PC,1491.14,278
2810,William Spears,28,6750,Odio Aliquam Institute,1495.82,42
6823,Seth Duffy,41,4839,Sed PC,1499.92,149
8188,Justin Burch,51,6203,Morbi Non LLP,1506.9,197
4514,Caleb Hull,86,7278,Sit Amet Consectetuer LLP,1510.71,242
9444,Ezra Thompson,60,3784,Arcu Institute,1516.0,356
7790,Aladdin Dale,31,3683,Fringilla Institute,1520.84,88
9848,Lev May,36,758,Vel Lectus Cum PC,1532.76,47
5027,Josiah Manning,53,8537,Semper Associates,1536.58,16
8229,Rashad Mcdonald,70,2040,Sit Amet Incorporated,1540.18,98
6823,Seth Duffy,41,8655,Nunc Ullamcorper Eu Limited,1541.74,149
8909,Chandler Dickson,23,8655,Nunc Ullamcorper Eu Limited,1541.74,59
9918,Armando Holmes,70,4757,Proin Eget Odio Consulting,1543.37,4
5860,Lawrence Gonzalez,36,7261,Id Risus Quis Limited,1543.62,318
5600,Rahim Stokes,34,2992,Eros Foundation,1552.17,290
2648,Lee Buck,81,8969,Diam Associates,1555.46,29
1531,Clarke Steele,63,1871,Dignissim Inc.,1560.59,214
1536,Edward Collins,61,1030,Non Consulting,1561.3,10
5470,Chester Obrien,32,243,Eget Varius Ultrices Company,1568.07,91
8133,Vernon Chambers,39,6734,Tempor Augue LLC,1570.89,206
3734,Kieran Moran,78,1481,Augue Eu Company,1578.55,301
7104,Uriah Brown,22,4438,Lorem Ipsum Inc.,1579.79,15
9822,Preston Michael,62,9098,Orci Inc.,1590.44,145
5810,Mufutau Clay,34,6934,Amet Dapibus Ltd,1592.16,66
2648,Lee Buck,81,1835,Lorem Ipsum Ltd,1603.42,29
4546,Lawrence Chase,28,7546,Ac Mattis Semper Limited,1606.6,44
4229,Aidan Romero,85,8599,Dolor Tempus Non Company,1615.23,338
2845,Gil Reynolds,82,7874,Mauris Eu Elit Institute,1620.74,121
5943,Carson Shields,19,6199,Sollicitudin Limited,1624.83,282
9444,Ezra Thompson,60,1234,Lorem Ipsum Dolor LLP,1631.01,356
4243,Brett Silva,33,1234,Lorem Ipsum Dolor LLP,1631.01,129
8426,Noble Hardin,65,7083,Ante Institute,1631.39,95
9154,Jasper Stephens,62,5876,A Incorporated,1634.17,374
7104,Uriah Brown,22,8686,Praesent Interdum Limited,1637.97,15
8969,Philip Calderon,78,7299,Neque In Ornare Ltd,1638.87,39
1992,Colorado Solis,49,9386,Iaculis Nec Eleifend Consulting,1641.43,191
7644,Arthur Bolton,50,9747,Sem Eget Consulting,1648.11,194
3004,Daquan Reid,75,8597,Quis Pede Industries,1657.69,203
3758,Hashim Ray,20,7130,Tellus Nunc Lectus LLC,1663.21,362
7430,Drake Snyder,70,5686,Nunc Ullamcorper Velit Associates,1666.31,316
8559,Wallace Price,68,5686,Nunc Ullamcorper Velit Associates,1666.31,119
9296,Curran Phillips,66,7059,Aliquam Incorporated,1666.87,323
6165,Paul Henson,44,7753,Sed Libero PC,1669.32,268
8205,Lev Stephens,35,6658,Orci Consectetuer Euismod Incorporated,1671.64,274
1206,Drake Golden,56,4466,Maecenas Industries,1672.03,331
616,Maxwell Soto,35,9118,Vel Pede Blandit Company,1673.48,334
8611,Jack Prince,51,8689,Praesent Foundation,1675.38,278
807,Chester Griffin,29,1496,Id Ltd,1687.89,262
6165,Paul Henson,44,6168,In Industries,1698.15,268
8559,Wallace Price,68,5454,Sem LLC,1700.49,119
3407,Harding Langley,22,3332,Massa Non Company,1712.36,99
1536,Edward Collins,61,6563,Dolor Industries,1712.37,10
3754,Dillon Petersen,81,4899,Mauris Elit Corp.,1713.72,69
9154,Jasper Stephens,62,1887,Vivamus Euismod Urna Incorporated,1720.84,374
289,Kyle Padilla,20,7910,Tellus Sem Inc.,1724.02,252
2741,Hop Santos,73,168,Nunc Ullamcorper Velit LLC,1726.3,102
6889,Phillip Munoz,49,6412,Pede Limited,1735.55,41
4357,Louis Barrera,32,276,Magna Corp.,1745.51,380
4800,Richard Park,19,3107,Egestas Aliquam Incorporated,1746.55,25
2981,Jakeem Bennett,40,9224,Erat Semper Consulting,1747.9,50
289,Kyle Padilla,20,4920,Massa Mauris Vestibulum Ltd,1759.09,252
9721,Fritz Weaver,79,6287,Maecenas Libero Incorporated,1764.55,218
6139,Kennan Mooney,25,9050,Neque Venenatis Company,1779.88,208
7955,Andrew Pickett,32,1883,Tellus Justo Sit Institute,1786.09,213
3231,Phelan Hoover,19,1883,Tellus Justo Sit Institute,1786.09,151
9775,Alan Vaughan,32,970,Et Tristique Pellentesque PC,1789.3,337
7099,Hashim Buck,73,4268,Enim Gravida Sit Associates,1793.08,222
5487,Cruz Stevenson,78,7728,Imperdiet Non Vestibulum Consulting,1794.77,159
7382,Hamilton Ratliff,41,7486,Convallis Erat Eget LLC,1797.17,181
9113,Calvin Hancock,49,6676,Rutrum Magna Cras Foundation,1810.41,5
8969,Philip Calderon,78,230,Quis Arcu Vel Associates,1816.62,52
3717,Vladimir Glenn,73,9987,Neque Sed Ltd,1818.31,297
2140,Ferdinand Butler,81,7324,Et Lacinia Vitae Corporation,1818.45,370
5860,Lawrence Gonzalez,36,7854,Consectetuer Ltd,1820.23,318
4506,Roth Mccall,34,6896,Urna Et Industries,1824.49,365
3416,Fitzgerald Stewart,50,6472,Nascetur Ridiculus Mus Consulting,1824.97,321
5406,Bert Tate,63,2220,Tempor Lorem Eget Company,1825.27,341
9444,Ezra Thompson,60,5913,Gravida Praesent Incorporated,1827.49,356
5492,Dustin Barlow,75,5913,Gravida Praesent Incorporated,1827.49,205
8654,Flynn Kent,67,3078,Curabitur Massa Associates,1828.34,190
3758,Hashim Ray,20,3969,Risus Industries,1839.25,362
8721,Rafael Peters,32,3578,Curae; Phasellus Ornare Ltd,1844.73,308
6823,Seth Duffy,41,4747,Dui Cum Consulting,1847.29,149
1850,Avram Weiss,90,4395,Nec Diam Duis Associates,1853.9,63
2935,Adrian Mcneil,26,136,Elementum Limited,1858.18,21
4417,Allistair Hanson,28,3472,Pede Sagittis Foundation,1870.7,184
2329,Grady Rhodes,50,1225,Lacinia LLC,1872.02,196
5072,Otto Phillips,58,2737,Suspendisse Eleifend Corporation,1876.02,291
8729,Macon Morris,89,2677,Nam Tempor Ltd,1880.74,113
3031,Adam Graham,37,5937,Malesuada Corp.,1894.84,83
2403,Quinn Middleton,44,7360,Risus A Ultricies Industries,1897.11,54
1191,Maxwell Sellers,81,6050,Enim Commodo Hendrerit Inc.,1898.56,198
5533,Derek Anthony,37,9694,Adipiscing PC,1904.78,86
3957,Upton Matthews,34,1953,Lorem Auctor Corporation,1906.9,6
2545,Jack Sanford,87,1971,Risus Quis LLP,1911.88,179
2263,Tate Sloan,24,5930,In Cursus Inc.,1912.28,335
4514,Caleb Hull,86,8215,Convallis Est Corporation,1912.33,242
8945,Rahim Maynard,86,1013,Nunc Consulting,1923.72,355
8307,Wyatt Chan,81,8658,Eu Nulla Associates,1925.74,35
2034,Byron Christensen,24,8984,Magna Duis Dignissim Corporation,1938.32,185
3087,Deacon Daugherty,30,8616,Odio Tristique Foundation,1952.85,360
1992,Colorado Solis,49,2828,Ipsum Foundation,1968.48,191
6700,Beau Fox,20,2760,Tortor Dictum Eu LLP,1973.88,352
1670,Amery Todd,32,8060,Nunc Sed Libero Institute,1989.22,272
5390,Malachi Howard,34,9971,Non Ante Bibendum Institute,1997.89,250
8407,Christian Vance,78,6977,Mauris Blandit Enim Foundation,2000.05,37
2652,Seth Puckett,84,6977,Mauris Blandit Enim Foundation,2000.05,60
7759,Maxwell Weber,40,1592,Ante Dictum PC,2009.65,183
5810,Mufutau Clay,34,2814,Hymenaeos Corporation,2014.86,155
6162,Matthew Case,61,8337,Quisque Ltd,2015.45,366
7044,Charles Carroll,28,8116,Non Incorporated,2022.09,209
4686,Igor Jimenez,53,8116,Non Incorporated,2022.09,325
8852,Hayes Kelley,90,6000,Maecenas LLC,2027.09,271
929,Myles Guzman,44,6387,Hendrerit Donec Corp.,2032.32,204
8188,Justin Burch,51,8893,Dolor LLC,2032.94,197
6559,Ryder Barnes,34,6685,Tempor Arcu Vestibulum Ltd,2038.72,136
9113,Calvin Hancock,49,7967,Faucibus Orci PC,2042.56,5
8112,Walter George,59,9798,Aenean Gravida Corporation,2046.93,266
5182,Bradley Dennis,76,9261,Nascetur Limited,2047.6,315
8909,Chandler Dickson,23,4039,Vel Pede Blandit Corporation,2048.06,59
5750,Mark Foreman,42,1842,Nec Cursus Foundation,2052.85,287
1191,Maxwell Sellers,81,241,Consequat Enim Diam Corp.,2055.41,198
4173,Benjamin Benton,20,6228,Felis Eget Varius Associates,2059.22,84
2803,Benedict Wolfe,39,358,Urna Incorporated,2073.43,131
2545,Jack Sanford,87,4097,Quis Pede Praesent Consulting,2087.43,179
2235,Wesley Beck,66,5324,Sed Eget Lacus PC,2089.45,359
4892,Carlos Hutchinson,85,3833,Non Massa Non LLC,2094.08,160
854,Aaron Keith,27,1936,Et Industries,2099.14,156
4546,Lawrence Chase,28,162,Sem Ut Dolor Corporation,2102.92,44
3472,Wayne Beasley,29,3853,Lectus Convallis Est LLC,2105.1,115
887,Lewis Byers,29,6144,Nunc Risus Ltd,2108.0,296
7099,Hashim Buck,73,1161,Nulla Integer Inc.,2109.97,222
4229,Aidan Romero,85,7658,Nisl Maecenas Corporation,2111.58,338
8034,Justin Lowery,77,1207,Ultricies Ornare Elit Inc.,2125.69,104
1146,Aquila Cleveland,26,1207,Ultricies Ornare Elit Inc.,2125.69,122
2722,Preston Knowles,34,551,Nunc Foundation,2131.77,237
8776,Solomon Grimes,82,7216,Pede Foundation,2132.86,339
4225,Emmanuel Hoover,26,6485,Facilisis Institute,2147.81,72
8205,Lev Stephens,35,6485,Facilisis Institute,2147.81,274
97,Tiger Levy,42,2550,Lorem Vehicula Et Limited,2160.61,173
7686,Colin Hodges,20,2550,Lorem Vehicula Et Limited,2160.61,269
6719,Cody Frank,29,2851,Egestas Aliquam Nec Foundation,2170.16,73
3655,Yardley Burnett,89,2159,Proin Institute,2172.48,310
2235,Wesley Beck,66,5698,Ut Aliquam Foundation,2178.35,359
4800,Richard Park,19,6568,Eu Euismod Industries,2192.03,25
3870,Jermaine Cooper,48,3746,Tincidunt Consulting,2204.67,279
2545,Jack Sanford,87,905,Consectetuer Euismod Est Corp.,2205.84,179
5264,Stewart Tanner,67,3875,Aliquet Lobortis Associates,2206.31,53
2140,Ferdinand Butler,81,3728,Mus Consulting,2207.35,370
5810,Mufutau Clay,34,2368,Non Cursus Incorporated,2209.81,155
1118,Wyatt Lindsey,28,2368,Non Cursus Incorporated,2209.81,161
1206,Drake Golden,56,2757,Pharetra PC,2210.48,331
8188,Justin Burch,51,721,Dui Quis Inc.,2212.61,197
3740,Murphy Simpson,57,975,Ut Semper Pretium Corporation,2215.04,234
5406,Bert Tate,63,6127,Nibh Industries,2217.04,341
7608,Tad Dyer,57,7979,Magna LLP,2218.42,207
3407,Harding Langley,22,7954,Lobortis Risus In LLC,2226.05,99
2995,Brent Blair,83,8571,Dignissim Tempor Corp.,2226.13,1
307,Francis Gentry,49,4507,Bibendum Ullamcorper Duis Consulting,2230.02,79
2652,Seth Puckett,84,1641,Et Tristique PC,2252.51,60
5470,Chester Obrien,32,9391,Consectetuer LLP,2260.59,91
8540,Baxter Bender,32,60,A LLC,2266.5,36
9099,Kasper Oneill,81,1375,Dolor Sit Ltd,2267.85,210
2909,Noble Mullins,43,745,Orci Ut Semper Foundation,2283.76,74
2759,Raymond Baxter,45,3836,Lorem Donec Elementum LLP,2286.21,354
7787,Trevor Hyde,35,1701,Nec Ltd,2300.23,12
5657,Addison Nixon,72,3719,Molestie Pharetra Limited,2303.92,254
131,Sawyer Herrera,44,1501,Ullamcorper Magna Limited,2304.03,330
474,Connor Savage,78,2168,Vel Arcu Curabitur Corporation,2320.62,7
4530,Seth Donaldson,36,2287,Odio Etiam Institute,2321.29,178
7653,Wing Santos,22,1882,Eget Magna Suspendisse Corporation,2328.21,101
2156,Hayden Key,38,5019,Varius Nam Inc.,2334.83,193
6823,Seth Duffy,41,5911,In Tincidunt LLC,2339.31,367
1120,Gil Allison,29,8552,Ut Tincidunt Associates,2340.99,376
1970,Jameson Mckay,66,6315,Velit Corp.,2348.31,280
2241,Ishmael Price,55,1320,Lectus Nullam Suscipit Institute,2349.3,302
1007,Darius Shepard,41,2626,Ipsum Curabitur Corp.,2356.04,243
5254,George Mcmahon,39,5027,Aliquam Tincidunt Institute,2364.93,324
4800,Richard Park,19,7488,Tincidunt Congue Company,2371.42,25
8559,Wallace Price,68,7445,Ac Metus Vitae Ltd,2376.19,119
2034,Byron Christensen,24,3622,Dictum Eleifend Associates,2381.52,185
7253,Dolan Delacruz,42,2403,Lorem Tristique Ltd,2386.98,255
1007,Darius Shepard,41,8289,In Aliquet Lobortis Inc.,2387.41,243
4514,Caleb Hull,86,6191,Non Ante Associates,2392.92,242
4686,Igor Jimenez,53,8476,Vestibulum Limited,2404.5,325
6889,Phillip Munoz,49,799,Suspendisse Eleifend Cras Consulting,2404.83,41
5264,Stewart Tanner,67,777,Posuere Enim Nisl Inc.,2407.94,53
9918,Armando Holmes,70,9622,Etiam Incorporated,2408.15,4
5718,Jesse Mcgee,32,1506,Orci Phasellus Inc.,2417.13,189
9549,Kermit Christensen,79,5061,Sem Ut Ltd,2417.25,303
1536,Edward Collins,61,5907,Mi Lorem Company,2419.07,10
2932,Barclay Hoffman,76,1718,Ultrices Mauris Foundation,2420.06,182
1577,Xander Lawrence,71,1561,Ipsum Industries,2433.05,38
9609,Hamilton Knox,77,5820,Sem Incorporated,2438.73,120
2648,Lee Buck,81,1527,Mollis Consulting,2451.28,29
2909,Noble Mullins,43,3717,Tempor Incorporated,2468.18,74
6801,Colt Winters,69,2581,Phasellus Ltd,2482.4,31
9592,Malcolm Mcconnell,79,1789,Lectus Associates,2482.46,199
9822,Preston Michael,62,2558,Rutrum Industries,2492.91,145
8910,Jesse Rollins,59,518,Est Congue Foundation,2495.72,48
7686,Colin Hodges,20,2221,Aliquet Institute,2506.17,269
3975,Gage Farmer,22,4719,Auctor Odio A LLC,2518.48,164
867,Camden Garza,37,3695,Vulputate Ullamcorper Foundation,2518.56,167
9444,Ezra Thompson,60,103,Molestie Tortor Nibh LLP,2525.55,356
8776,Solomon Grimes,82,5457,Est Mauris Consulting,2529.45,339
8205,Lev Stephens,35,7011,Mauris Aliquam Eu Corp.,2542.7,274
3500,Alexander Head,21,631,Felis Associates,2554.94,118
8852,Hayes Kelley,90,4133,In Company,2558.73,271
9721,Fritz Weaver,79,4133,In Company,2558.73,218
9218,Jesse Evans,70,2225,Vel Sapien Imperdiet Inc.,2564.97,283
8586,Barclay Daniel,64,4610,Quisque Incorporated,2568.02,350
6115,Edward Moon,66,6434,Et Corp.,2571.88,3
1531,Clarke Steele,63,9200,Vel Vulputate Eu Incorporated,2574.49,214
2636,Adrian Reed,28,8188,Enim Condimentum LLC,2575.57,363
4192,Myles Lynn,71,2633,Mauris Morbi Foundation,2576.03,226
7382,Hamilton Ratliff,41,8952,Urna Convallis Limited,2577.84,181
2614,Ulric Donaldson,41,8952,Urna Convallis Limited,2577.84,212
4890,Macon England,68,8520,Tempus Non Lacinia Incorporated,2583.95,43
2648,Lee Buck,81,6953,Tristique Associates,2588.98,29
8863,Richard Hobbs,45,355,Et Institute,2593.8,76
8574,Ivor Henderson,65,9392,Euismod Urna Limited,2601.2,166
2652,Seth Puckett,84,3806,Sit Amet LLC,2602.08,60
3717,Vladimir Glenn,73,9716,Quis Corp.,2608.19,297
7923,John Hampton,35,6207,Dictum Augue Malesuada LLP,2608.29,100
8605,Xander Mendoza,64,1525,Ac Corp.,2611.43,224
929,Myles Guzman,44,4172,Odio Phasellus At Foundation,2614.4,204
6823,Seth Duffy,41,6297,Amet Foundation,2616.8,149
6162,Matthew Case,61,577,Dui Nec Corp.,2620.41,366
9669,Adam Ramsey,51,2646,Nonummy Ipsum Non PC,2647.59,230
4225,Emmanuel Hoover,26,5181,Ut Industries,2650.33,72
3234,Richard Carr,62,4054,Urna Nec Luctus Institute,2651.79,140
6581,Marvin Drake,84,1240,Donec Industries,2652.32,146
542,Yuli Nieves,86,607,Elit Sed Consequat Industries,2656.06,313
8171,Dominic Rodriguez,80,6839,Amet Massa Quisque Limited,2665.29,211
2935,Adrian Mcneil,26,9773,Ridiculus Mus Proin LLC,2673.5,21
8426,Noble Hardin,65,4371,Ante Industries,2676.16,95
6151,Gary Maldonado,28,7449,Morbi Metus Limited,2687.2,311
8574,Ivor Henderson,65,6735,Aliquam Enim PC,2688.17,166
4686,Igor Jimenez,53,5183,Nunc Limited,2696.98,325
4530,Seth Donaldson,36,8269,Enim Incorporated,2698.49,178
5942,Xanthus Schwartz,19,2982,Elit Consulting,2699.42,259
3424,Dillon Griffin,50,2982,Elit Consulting,2699.42,304
131,Sawyer Herrera,44,853,Pretium Aliquet Metus LLC,2705.8,330
7608,Tad Dyer,57,2410,In Limited,2706.39,207
6149,Yuli Slater,35,8634,Aliquam PC,2715.91,201
9444,Ezra Thompson,60,8058,Aliquam Rutrum Institute,2716.52,356
1688,Jared Villarreal,34,8737,Tellus Phasellus Limited,2722.14,235
3754,Dillon Petersen,81,8737,Tellus Phasellus Limited,2722.14,69
6716,Zeus Neal,83,8315,Pede Ltd,2724.19,174
9154,Jasper Stephens,62,2837,Accumsan Associates,2724.97,374
495,Cameron Perez,81,5336,Dictum Eleifend Institute,2735.94,319
8852,Hayes Kelley,90,5610,Magna Nam Corp.,2736.47,271
3717,Vladimir Glenn,73,4103,Lobortis Inc.,2738.01,297
7234,Ulysses Simpson,18,3792,Diam Luctus Lobortis PC,2742.25,8
7787,Trevor Hyde,35,981,Ut Foundation,2742.53,12
4514,Caleb Hull,86,4792,Lacus Corp.,2744.02,242
2932,Barclay Hoffman,76,9801,Vulputate Corporation,2745.47,182
2312,Rogan Kirkland,78,3102,Cras Sed Leo Corporation,2747.67,103
2648,Lee Buck,81,7003,Ornare Tortor At Industries,2748.88,29
8863,Richard Hobbs,45,1385,Lorem Ipsum LLC,2754.47,76
5639,Kadeem Gordon,56,2241,Vitae Aliquam Ltd,2755.76,135
9140,Noble Finley,88,9966,Id Erat Etiam Institute,2770.77,215
4689,Perry Dudley,34,1775,Lorem Ipsum Dolor Company,2779.58,232
8880,Beck Albert,18,1997,Eu Company,2783.21,11
1531,Clarke Steele,63,2184,Vitae Dolor Limited,2797.63,214
8205,Lev Stephens,35,2891,Placerat Velit Quisque Associates,2800.04,274
1900,Brian Terry,62,4734,At Nisi Industries,2813.59,152
4800,Richard Park,19,9120,Eget Tincidunt PC,2814.61,25
3655,Yardley Burnett,89,5379,Condimentum Incorporated,2818.17,310
7809,Christian Vega,78,7908,Risus Nunc Ac Corporation,2818.93,233
4702,Kaseem Sims,35,4729,Habitant Morbi Tristique LLP,2842.45,68
221,Rigel Watkins,67,9612,Vitae Sodales Nisi PC,2842.82,125
3655,Yardley Burnett,89,6965,Nulla LLC,2846.52,310
2525,Theodore Heath,67,7964,Volutpat Nunc Industries,2854.98,108
3754,Dillon Petersen,81,6415,Nascetur Ridiculus Mus Institute,2856.35,69
7759,Maxwell Weber,40,7042,Integer In Corporation,2859.82,183
537,Bruno May,78,9770,Morbi Accumsan Ltd,2861.93,137
6628,Benjamin Hughes,50,6941,Molestie In Industries,2862.39,81
9822,Preston Michael,62,2662,Blandit At Inc.,2862.47,145
5764,Herrod Briggs,88,1252,Fames Ac Turpis Limited,2870.17,110
6581,Marvin Drake,84,1252,Fames Ac Turpis Limited,2870.17,146
6823,Seth Duffy,41,9953,Quisque Industries,2870.95,149
1975,Xavier Daniel,61,1433,Dis Parturient PC,2875.62,105
9091,Colt Melendez,26,204,Cras Lorem Ltd,2879.06,247
9099,Kasper Oneill,81,7596,Erat Incorporated,2890.38,210
6168,Kyle Shelton,59,7814,Vitae Purus Institute,2893.24,56
6716,Zeus Neal,83,3409,A Institute,2893.7,174
8605,Xander Mendoza,64,8730,Consectetuer Rhoncus Limited,2893.87,224
7785,Sylvester Bruce,19,2543,Magna Tellus Faucibus Ltd,2894.28,241
9639,Leonard Battle,78,2723,Dictum Placerat Augue Foundation,2894.82,245
3275,Palmer Mcdowell,88,1777,Nunc Ut Foundation,2900.02,127
5838,Orlando Matthews,75,845,Ante Ipsum Inc.,2907.67,144
6163,Basil Pennington,63,5337,Nunc Institute,2908.54,134
8244,Tanner Hansen,30,7113,Dictum Augue Malesuada Ltd,2912.46,34
6823,Seth Duffy,41,2525,Laoreet Company,2912.83,149
1531,Clarke Steele,63,3340,Et Magnis Dis Inc.,2914.22,214
8654,Flynn Kent,67,6804,Cursus Corporation,2916.85,190
2502,Rafael Alston,19,1294,Auctor Ullamcorper Corp.,2919.43,373
2438,Rajah Hurst,47,2357,Elit Associates,2921.67,61
854,Aaron Keith,27,2713,Amet Foundation,2921.68,156
4734,Dante Patel,26,6567,Urna Incorporated,2921.72,284
7759,Maxwell Weber,40,7164,Non Corporation,2925.46,183
7121,Jonas Blankenship,68,3821,Pede Nec LLC,2928.45,231
7763,Paki Norton,87,1893,Fringilla Ornare Placerat Associates,2934.77,286
655,Cedric Hubbard,47,8751,Nunc Interdum Corp.,2935.82,293
6687,Walker Taylor,41,4921,Luctus Ipsum Inc.,2941.11,261
45,Charles Casey,61,3617,Tellus Non Magna Foundation,2941.14,322
9208,Ignatius Monroe,51,8928,Sed Neque Sed Foundation,2942.65,257
1300,Bevis Lott,66,1446,Scelerisque Neque Nullam Corporation,2944.06,378
9154,Jasper Stephens,62,2130,Mauris Vel Turpis LLC,2945.93,374
4890,Macon England,68,9303,Est PC,2951.65,43
8611,Jack Prince,51,9303,Est PC,2951.65,278
8654,Flynn Kent,67,4970,Magna A Neque Ltd,2951.98,190
6641,Declan Travis,71,2991,Blandit At Inc.,2955.3,170
3416,Fitzgerald Stewart,50,4983,Scelerisque LLC,2955.59,321
9254,Cooper Taylor,58,9354,Neque Venenatis Lacus Corp.,2958.24,148
6781,Chaim Frye,23,3956,Non Lacinia At Incorporated,2959.09,300
2545,Jack Sanford,87,4413,Tempor Erat Neque LLC,2962.06,179
5625,Zeph Vaughan,74,6772,Vel Quam Company,2970.1,332
2450,Dean Carey,27,949,Molestie Tortor Nibh Associates,2974.14,139
8070,Dominic Cortez,90,4207,Sed Limited,2974.59,195
3275,Palmer Mcdowell,88,660,Curabitur Corp.,2974.99,127
6801,Colt Winters,69,4618,Penatibus Et Industries,2977.15,31
9822,Preston Michael,62,7290,Posuere Incorporated,2979.04,145
1536,Edward Collins,61,6460,Augue Id Ante Ltd,2979.95,10
9775,Alan Vaughan,32,1795,Nullam PC,2984.99,337
1970,Jameson Mckay,66,9199,Ad Associates,2989.72,280
1975,Xavier Daniel,61,9257,Vitae Sodales At Corp.,2993.22,105
1526,Rigel Salinas,28,6320,Congue Elit PC,2995.91,78
3234,Richard Carr,62,1646,Fringilla Cursus Purus Consulting,2996.91,140
3195,Theodore Landry,88,2249,Ac Orci LLP,3001.37,24
6367,Keane Hancock,87,5007,Urna Associates,3005.54,80
474,Connor Savage,78,1110,Aliquam Incorporated,3006.42,7
3049,Rigel Warner,44,7333,Et Magna Praesent Institute,3020.12,371
3231,Phelan Hoover,19,7333,Et Magna Praesent Institute,3020.12,151
3429,Adam Ortega,69,2094,Nullam Velit Dui Corporation,3025.39,132
6823,Seth Duffy,41,2465,Vestibulum Lorem Sit Foundation,3037.99,149
8229,Rashad Mcdonald,70,1061,Nullam Vitae Diam Ltd,3041.13,98
9016,Alvin Douglas,22,7698,Amet Orci LLP,3045.03,96
2759,Raymond Baxter,45,7698,Amet Orci LLP,3045.03,354
8623,Chaney Hurst,26,3310,Sed Dictum Foundation,3047.49,342
3754,Dillon Petersen,81,8055,Vivamus PC,3049.96,69
887,Lewis Byers,29,1618,Curabitur Sed Tortor Inc.,3050.24,296
8540,Baxter Bender,32,3236,Proin Sed Turpis Limited,3052.9,36
3304,Carlos Malone,80,6557,Nascetur Ridiculus Mus Consulting,3056.42,265
5275,Hector Harrington,18,6475,Bibendum Fermentum Corp.,3062.36,27
2652,Seth Puckett,84,1004,Nonummy LLC,3067.27,60
4381,Devin Brewer,33,1729,Gravida Sit Amet Inc.,3077.75,114
2909,Noble Mullins,43,5571,Nam Inc.,3084.51,74
8083,Harlan Davidson,25,4117,Cras Industries,3097.27,94
1278,John Marquez,26,301,Nisl Nulla Eu LLP,3097.69,229
9154,Jasper Stephens,62,8411,Sit Amet Nulla LLP,3102.11,374
132,Alan Stanton,54,4105,Sit Amet Ltd,3109.46,298
2909,Noble Mullins,43,6392,Quis Institute,3116.39,74
950,Cooper Henderson,69,7603,Neque Et Nunc Foundation,3128.81,138
6920,Gil Hoffman,78,4454,Id Ante Dictum Institute,3135.94,329
3304,Carlos Malone,80,1271,A Incorporated,3142.13,265
8607,Herrod Le,47,9523,Odio Auctor Vitae Company,3160.73,246
9154,Jasper Stephens,62,137,Convallis Est Corporation,3162.95,374
5657,Addison Nixon,72,4077,Gravida Sagittis Duis LLP,3167.24,254
2011,Emmanuel Bennett,21,7577,Leo Company,3181.64,9
3689,Neil Eaton,49,8987,Arcu Vestibulum Ante Associates,3182.94,357
1347,Kennan Cole,46,711,Montes Nascetur Ridiculus LLC,3186.17,97
6139,Kennan Mooney,25,5963,Eu Sem Pellentesque Industries,3187.38,208
4704,Herrod Stokes,69,1027,Accumsan Neque Et Ltd,3188.54,46
4589,Addison Ramirez,31,9493,Lectus Ltd,3193.65,348
8776,Solomon Grimes,82,1630,Neque Nullam Corporation,3197.18,339
8776,Solomon Grimes,82,4672,Ultrices Limited,3206.11,339
4704,Herrod Stokes,69,7601,Etiam Bibendum Fermentum Industries,3220.56,46
5657,Addison Nixon,72,3222,Mus Proin Vel Limited,3222.19,254
3734,Kieran Moran,78,3600,Nibh Ltd,3225.29,301
5072,Otto Phillips,58,8848,Donec Felis Corporation,3228.29,291
1830,Armand Vance,73,9644,Eros Nam Consequat Institute,3239.0,368
7099,Hashim Buck,73,8626,Fringilla Cursus Inc.,3243.4,222
1634,Cairo Howell,43,8104,Magna Praesent Industries,3244.53,75
2652,Seth Puckett,84,1263,Eu Limited,3248.98,60
9363,Oren Robbins,34,6794,Nec Quam Curabitur Foundation,3250.35,30
1281,Alfonso Hull,56,9371,Nec Urna Company,3251.44,263
6687,Walker Taylor,41,2337,Magnis LLC,3255.63,261
5526,Fletcher Navarro,89,2054,Proin Vel Arcu Foundation,3255.66,353
6823,Seth Duffy,41,1836,Phasellus Institute,3262.09,149
356,Jeremy Robinson,88,4478,Iaculis Nec Limited,3283.15,249
8112,Walter George,59,5987,Curabitur Ut Odio Industries,3284.18,266
4546,Lawrence Chase,28,5987,Curabitur Ut Odio Industries,3284.18,44
8556,Theodore Bishop,76,4425,Cum Corp.,3290.53,289
1153,Derek Leach,64,5510,Eleifend Foundation,3292.35,202
9669,Adam Ramsey,51,5510,Eleifend Foundation,3292.35,230
2935,Adrian Mcneil,26,5715,Eu Neque LLC,3295.16,21
4357,Louis Barrera,32,428,Faucibus Morbi Vehicula PC,3297.71,380
2648,Lee Buck,81,1118,Cras PC,3304.14,29
321,Denton Keith,21,4183,Nascetur Ridiculus LLP,3306.22,344
2477,Zachary Swanson,71,8926,Velit Sed Consulting,3307.0,147
8244,Tanner Hansen,30,2229,Ut Industries,3321.22,34
6722,Jack Howe,58,4524,Tellus Foundation,3324.33,65
2312,Rogan Kirkland,78,1933,Integer Incorporated,3329.56,103
6149,Yuli Slater,35,10000,Natoque Penatibus Et Limited,3331.65,201
1249,Ivor Webster,88,5178,Tincidunt Orci Quis PC,3336.16,375
3429,Adam Ortega,69,1739,A Nunc In Industries,3336.35,132
8307,Wyatt Chan,81,1739,A Nunc In Industries,3336.35,35
8852,Hayes Kelley,90,4911,Tincidunt Pede Ac Corp.,3345.95,271
8945,Rahim Maynard,86,5869,Lorem Incorporated,3361.48,355
6823,Seth Duffy,41,2279,Nulla In LLC,3363.79,149
8969,Philip Calderon,78,1436,Est Arcu Ac Limited,3373.87,52
2845,Gil Reynolds,82,4159,Ac Company,3376.85,121
132,Alan Stanton,54,836,Vel Foundation,3380.4,298
790,Phelan Mueller,86,836,Vel Foundation,3380.4,264
2545,Jack Sanford,87,6808,Nunc PC,3382.09,179
7686,Colin Hodges,20,9854,Ac Turpis LLP,3385.29,269
9154,Jasper Stephens,62,9031,Sollicitudin A Malesuada Institute,3386.24,374
1531,Clarke Steele,63,8123,Scelerisque Neque Incorporated,3391.55,214
5072,Otto Phillips,58,4070,Habitant Morbi LLC,3402.6,291
929,Myles Guzman,44,4458,Mattis Velit LLC,3408.78,204
5487,Cruz Stevenson,78,8855,Vulputate Mauris Sagittis Foundation,3414.99,159
3295,Lamar Hunt,38,8168,Scelerisque Neque Foundation,3417.28,23
6559,Ryder Barnes,34,6065,Commodo Ipsum Foundation,3429.34,136
2315,Murphy Austin,42,4639,Cursus LLC,3437.78,292
8969,Philip Calderon,78,1003,Id Ante Nunc Limited,3441.27,52
2458,Mark Rogers,73,2585,Nulla Tempor Augue LLC,3443.8,128
9775,Alan Vaughan,32,604,Non Incorporated,3447.75,337
45,Charles Casey,61,6378,Lacus Nulla PC,3462.64,45
6125,Kasper Cohen,66,6846,Lobortis Foundation,3474.3,379
5264,Stewart Tanner,67,8432,Aenean Massa LLC,3474.97,53
8910,Jesse Rollins,59,1339,Ipsum Dolor Sit LLC,3477.59,48
6641,Declan Travis,71,8504,Nullam Institute,3481.15,170
3072,Kuame Shelton,57,2801,Amet Dapibus Industries,3499.71,372
8969,Philip Calderon,78,4205,Egestas Institute,3509.11,52
8083,Harlan Davidson,25,595,Sit Amet Limited,3510.4,94
5526,Fletcher Navarro,89,146,Aliquam Adipiscing Lacus Inc.,3515.75,353
7104,Uriah Brown,22,2082,Dui Corporation,3520.07,15
1900,Brian Terry,62,2082,Dui Corporation,3520.07,152
1249,Ivor Webster,88,2921,Suspendisse Aliquet Molestie PC,3526.13,375
8556,Theodore Bishop,76,6140,Lacus Quisque Institute,3527.02,289
3424,Dillon Griffin,50,1910,Augue Malesuada Malesuada Limited,3536.92,304
5487,Cruz Stevenson,78,5984,Sapien Incorporated,3538.58,159
5264,Stewart Tanner,67,8883,Nec Ltd,3540.14,53
6823,Seth Duffy,41,9826,Donec Associates,3541.53,367
542,Yuli Nieves,86,6949,Donec Institute,3560.85,313
6409,Kuame Nunez,41,6949,Donec Institute,3560.85,294
8654,Flynn Kent,67,7617,Et Incorporated,3565.92,190
4357,Louis Barrera,32,7693,Diam Ltd,3568.53,380
4686,Igor Jimenez,53,1858,Ultricies Ligula Nullam LLC,3570.57,325
3922,Gannon Martin,26,7591,Tellus LLC,3584.78,26
2932,Barclay Hoffman,76,1389,Nascetur Ridiculus Mus Institute,3590.73,182
3655,Yardley Burnett,89,1389,Nascetur Ridiculus Mus Institute,3590.73,310
4704,Herrod Stokes,69,6638,Fusce Fermentum Fermentum LLC,3591.94,46
5089,Adrian Jimenez,61,7666,Habitant Foundation,3593.84,89
5891,Nathan Conway,25,8053,Condimentum Eget Volutpat Foundation,3594.4,172
9208,Ignatius Monroe,51,8136,Phasellus Ornare Fusce LLP,3594.68,257
3420,Tarik Bernard,83,3865,Nunc Nulla Ltd,3601.92,369
3500,Alexander Head,21,5738,Sit Amet Luctus Inc.,3602.48,118
4589,Addison Ramirez,31,5738,Sit Amet Luctus Inc.,3602.48,348
8863,Richard Hobbs,45,71,Ante Blandit Viverra Foundation,3602.62,76
1670,Amery Todd,32,902,Augue LLP,3609.35,272
960,Thor Bowers,34,1923,Nec Incorporated,3611.85,333
1206,Drake Golden,56,7945,Felis Eget Ltd,3618.67,331
7923,John Hampton,35,6421,Accumsan Convallis Ante Foundation,3619.38,100
2803,Benedict Wolfe,39,3705,Venenatis Associates,3627.67,131
9848,Lev May,36,2311,Accumsan Sed Facilisis Associates,3631.7,47
6628,Benjamin Hughes,50,9870,Sed Eu Limited,3642.4,81
6075,Melvin Johnston,62,234,Erat Etiam Vestibulum Foundation,3655.15,285
3424,Dillon Griffin,50,3670,Fusce Aliquet Ltd,3664.69,304
1153,Derek Leach,64,4011,Nunc Est Corporation,3677.96,202
3083,Burke Jacobson,36,8957,Lorem LLP,3690.35,312
8586,Barclay Daniel,64,6661,Vitae Dolor PC,3690.84,350
2034,Byron Christensen,24,2960,Scelerisque Neque Sed Company,3693.15,185
2955,Jared Nash,27,8434,Ipsum Non Arcu Inc.,3697.12,343
5850,Zachary Miles,32,5425,Nisi Ltd,3698.99,216
9285,Chaney Wiggins,26,4592,Neque Pellentesque Massa Consulting,3699.07,270
1526,Rigel Salinas,28,8057,Tincidunt Aliquam Arcu Foundation,3702.11,78
4421,Ezekiel Faulkner,36,8165,Cras Convallis Convallis Corp.,3702.83,225
2909,Noble Mullins,43,3181,Aliquam Ornare Libero Ltd,3705.74,74
2545,Jack Sanford,87,341,Ullamcorper Eu Incorporated,3710.31,179
6781,Chaim Frye,23,8209,Nulla Semper Institute,3716.31,300
6115,Edward Moon,66,4010,Ut Company,3730.59,3
1526,Rigel Salinas,28,6519,Aliquam Erat Volutpat Limited,3737.24,78
4173,Benjamin Benton,20,8378,Nulla Dignissim Company,3738.8,84
6559,Ryder Barnes,34,6280,Scelerisque Neque Nullam Inc.,3742.56,136
2477,Zachary Swanson,71,1387,Nascetur Ridiculus Mus Industries,3744.25,147
2722,Preston Knowles,34,8352,Orci Tincidunt Adipiscing Institute,3751.04,237
7382,Hamilton Ratliff,41,6938,Et LLC,3773.21,181
7676,Axel Wiggins,66,2658,Curae; Donec LLC,3773.98,240
648,Rogan Daugherty,88,7088,Semper PC,3781.73,58
9167,Alfonso Chaney,82,3511,Imperdiet Nec Leo LLC,3784.56,346
693,Uriah Roberts,71,4888,Sollicitudin A Malesuada PC,3789.53,150
6297,Stephen Bullock,61,5865,Egestas A Associates,3799.77,133
3197,Wing Waters,58,6905,Eget Nisi Dictum Foundation,3801.55,256
1005,Kenyon Michael,57,2980,Ridiculus Mus Donec Institute,3803.08,317
3231,Phelan Hoover,19,8384,Interdum Ligula Corp.,3827.0,151
4955,Neil Gill,21,3429,Felis LLC,3844.75,19
474,Connor Savage,78,8524,Ultrices A Ltd,3850.65,7
4229,Aidan Romero,85,9739,Amet Risus PC,3850.95,338
7124,Erasmus Stein,61,9474,Arcu Vestibulum Ante Corporation,3854.37,153
8654,Flynn Kent,67,2589,Convallis Est Vitae PC,3855.36,190
8133,Vernon Chambers,39,1274,Euismod Et Commodo Associates,3859.12,206
4530,Seth Donaldson,36,6551,Nulla Corp.,3860.05,178
4158,Jarrod Cleveland,58,521,Nec LLP,3872.4,64
7121,Jonas Blankenship,68,2490,Et Commodo Company,3873.12,231
5891,Nathan Conway,25,5511,Mollis Phasellus Limited,3880.66,172
9099,Kasper Oneill,81,8220,Penatibus Et Ltd,3885.39,210
3957,Upton Matthews,34,1624,Cursus Purus Nullam Company,3887.78,2
4702,Kaseem Sims,35,6137,Neque Vitae Semper Associates,3896.94,68
9444,Ezra Thompson,60,3944,Dolor Limited,3898.61,356
8776,Solomon Grimes,82,9330,Amet Incorporated,3904.72,339
4514,Caleb Hull,86,6608,Et Magna Institute,3906.49,242
8852,Hayes Kelley,90,8712,Ut Nisi Associates,3906.87,271
5810,Mufutau Clay,34,8194,Pellentesque Tincidunt LLP,3913.8,66
5657,Addison Nixon,72,6792,Metus Vitae Velit LLP,3916.05,254
9099,Kasper Oneill,81,708,Donec LLC,3916.84,210
5750,Mark Foreman,42,1071,Magna Tellus Corp.,3920.85,287
2648,Lee Buck,81,4283,Lorem Ipsum Dolor Ltd,3926.68,29
4546,Lawrence Chase,28,1660,Feugiat Sed Ltd,3927.6,44
3472,Wayne Beasley,29,215,Enim Associates,3928.37,115
8964,Nash Whitley,19,5780,Fringilla Euismod Limited,3931.52,154
289,Kyle Padilla,20,986,Elementum Sem Industries,3932.12,252
7608,Tad Dyer,57,7841,Ut Eros PC,3935.77,207
8229,Rashad Mcdonald,70,7757,Sed Ltd,3937.3,98
2614,Ulric Donaldson,41,7846,Molestie Industries,3946.95,212
2803,Benedict Wolfe,39,1799,Integer Associates,3952.95,131
7686,Colin Hodges,20,42,Lectus Consulting,3958.22,269
2955,Jared Nash,27,1809,Parturient Montes Nascetur Incorporated,3959.57,343
1531,Clarke Steele,63,7186,Sem Vitae Consulting,3966.35,214
2722,Preston Knowles,34,547,Mus Proin Vel LLC,3967.01,237
3106,Elvis Maxwell,27,7286,Non Massa Foundation,3973.84,258
8556,Theodore Bishop,76,4842,At Velit Consulting,3976.16,289
7263,Gary Lawson,87,2530,A Corporation,3976.41,162
9569,Brady Berger,30,6473,A LLP,3977.02,57
5718,Jesse Mcgee,32,8140,Turpis Egestas Aliquam Institute,3980.71,189
9154,Jasper Stephens,62,9879,Et Risus Corp.,3983.07,374
2614,Ulric Donaldson,41,9879,Et Risus Corp.,3983.07,212
3416,Fitzgerald Stewart,50,6677,Et Magnis LLP,3984.2,321
2935,Adrian Mcneil,26,7803,Dignissim PC,3985.85,21
2312,Rogan Kirkland,78,8781,Donec Vitae Corp.,3990.86,103
1335,Dennis Franklin,79,5636,Quisque LLP,3996.11,219
6644,Robert Little,32,221,Lacus Quisque Purus Foundation,3997.43,186
8165,Jonas Acosta,88,9442,Massa Quisque Porttitor LLP,4014.35,130
9379,Scott Munoz,44,9283,Aliquam Fringilla Corp.,4058.79,314
4357,Louis Barrera,32,1546,Phasellus Ornare Limited,4063.44,380
2027,Tarik Fisher,51,1546,Phasellus Ornare Limited,4063.44,51
6165,Paul Henson,44,1169,Lorem LLC,4066.4,268
4686,Igor Jimenez,53,4846,Nunc Lectus Foundation,4074.85,325
9848,Lev May,36,5234,Luctus Et Limited,4084.84,47
7923,John Hampton,35,192,Ullamcorper Magna Sed LLC,4090.67,100
8927,Colt Walsh,37,7539,Fusce Fermentum Corp.,4091.49,163
9822,Preston Michael,62,8182,Dui Ltd,4098.52,145
8807,Logan Whitaker,62,6538,Velit Incorporated,4103.37,109
4530,Seth Donaldson,36,7465,A Dui LLP,4110.07,178
5850,Zachary Miles,32,4944,Sollicitudin Commodo Ipsum Corp.,4110.55,216
45,Charles Casey,61,3483,Praesent Eu Dui Ltd,4123.0,45
7124,Erasmus Stein,61,206,Lectus Cum Institute,4127.81,153
3975,Gage Farmer,22,4675,Libero Integer Industries,4131.47,164
2759,Raymond Baxter,45,7155,Luctus Ipsum Leo Industries,4132.33,354
929,Myles Guzman,44,4120,Egestas Aliquam Nec Ltd,4136.98,204
5718,Jesse Mcgee,32,2384,Aliquet Sem Foundation,4137.34,189
6719,Cody Frank,29,2384,Aliquet Sem Foundation,4137.34,73
807,Chester Griffin,29,9598,Donec Felis Inc.,4140.27,262
4931,Lev Hancock,51,6388,Integer Tincidunt Limited,4153.96,40
4357,Louis Barrera,32,9164,Donec Limited,4160.12,380
8188,Justin Burch,51,1973,Pretium Aliquet Corp.,4168.48,197
3754,Dillon Petersen,81,4530,Mattis Corp.,4177.88,69
3004,Daquan Reid,75,2398,Sit Amet Inc.,4180.82,203
7955,Andrew Pickett,32,7883,Erat Corporation,4182.7,213
635,Duncan Donovan,40,4491,Class Limited,4186.12,364
5780,Harding Cotton,19,8904,Vel Convallis Inc.,4186.8,295
3655,Yardley Burnett,89,6715,Sed Facilisis Corporation,4195.82,310
3407,Harding Langley,22,7744,Metus Urna Corporation,4199.65,99
9208,Ignatius Monroe,51,4072,Orci Sem Eget Associates,4204.77,257
9519,Keefe Herman,39,3809,Tincidunt Tempus Risus Ltd,4206.99,236
1373,Logan Franks,89,6972,Rutrum Incorporated,4207.07,306
867,Camden Garza,37,363,Eros Non Company,4211.89,167
8721,Rafael Peters,32,6292,Amet Ornare LLC,4226.7,308
3234,Richard Carr,62,8631,Nulla Corp.,4229.43,140
9809,Hop Sanchez,73,9597,Gravida LLC,4232.94,71
8016,Hayes Bridges,87,9597,Gravida LLC,4232.94,349
5264,Stewart Tanner,67,9597,Gravida LLC,4232.94,53
3441,Richard Bell,18,8951,Viverra Donec Tempus Industries,4233.75,320
9669,Adam Ramsey,51,4209,Varius Nam Porttitor Consulting,4241.93,230
2055,Timon Mayo,73,4101,Blandit At Consulting,4242.1,85
9154,Jasper Stephens,62,8981,Donec Feugiat Industries,4246.7,374
2252,Rogan Edwards,76,457,Augue Eu Industries,4250.15,112
8945,Rahim Maynard,86,6893,Eu Associates,4251.33,355
3083,Burke Jacobson,36,7781,Purus Gravida Limited,4257.18,312
4229,Aidan Romero,85,6908,Eu Corp.,4263.23,338
1120,Gil Allison,29,9657,Ornare LLC,4272.29,376
4225,Emmanuel Hoover,26,4024,Leo Elementum Associates,4288.68,72
6539,Merritt Moore,65,3696,Quam Institute,4296.18,244
7714,Emerson Hinton,25,8221,Ut Corporation,4305.45,273
9848,Lev May,36,6400,Auctor Company,4316.35,47
4702,Kaseem Sims,35,9674,Fermentum Vel Incorporated,4318.39,68
6889,Phillip Munoz,49,3197,Mollis Integer Tincidunt Consulting,4322.31,41
5660,Oliver Valdez,68,7041,Taciti Sociosqu Incorporated,4325.0,157
6581,Marvin Drake,84,4305,In Consectetuer Ipsum Consulting,4346.79,146
6920,Gil Hoffman,78,1916,Cras Sed Leo PC,4349.81,329
8776,Solomon Grimes,82,7468,Semper Cursus Consulting,4350.67,339
5470,Chester Obrien,32,5382,Bibendum LLP,4350.9,91
321,Denton Keith,21,3864,Donec Company,4353.24,344
9363,Oren Robbins,34,7798,Nisi Aenean Consulting,4355.28,30
3717,Vladimir Glenn,73,6876,Ac LLC,4359.66,297
6823,Seth Duffy,41,9970,Ullamcorper Magna Incorporated,4360.72,149
6727,Murphy Robbins,76,2406,Convallis PC,4361.5,141
5892,Oren Farrell,45,5837,Mi Tempor Incorporated,4362.38,116
3083,Burke Jacobson,36,370,Massa Rutrum Inc.,4367.64,312
5072,Otto Phillips,58,1555,Sem Magna Nec LLP,4368.19,291
8407,Christian Vance,78,1528,Augue Ut Lacus Limited,4370.72,37
1536,Edward Collins,61,3092,Dignissim Maecenas Ornare Inc.,4371.99,10
3407,Harding Langley,22,3516,Urna Nec Luctus Company,4377.05,99
7609,James Roberson,49,4255,Quam LLC,4379.63,187
6405,Amal Hunt,45,8409,Risus Odio Incorporated,4380.73,77
3424,Dillon Griffin,50,6650,Arcu Inc.,4385.2,304
4225,Emmanuel Hoover,26,6026,Nulla Company,4385.29,72
5660,Oliver Valdez,68,3495,Tristique Institute,4397.03,157
3304,Carlos Malone,80,2400,Pede Ltd,4397.1,265
4734,Dante Patel,26,8598,Ligula Company,4406.67,158
4133,Dominic Gilbert,79,6051,Id Sapien Foundation,4407.84,347
9549,Kermit Christensen,79,7771,Amet Company,4414.7,303
9008,Lane Morrison,77,3291,Libero Corporation,4419.21,143
2648,Lee Buck,81,7554,Et Institute,4426.45,29
6559,Ryder Barnes,34,4173,Enim Corporation,4432.08,136
5860,Lawrence Gonzalez,36,4964,Nam Inc.,4439.04,318
2235,Wesley Beck,66,4964,Nam Inc.,4439.04,359
5718,Jesse Mcgee,32,3283,Sagittis Placerat Limited,4444.34,189
8556,Theodore Bishop,76,4950,Eget Laoreet Posuere Corp.,4447.56,289
9091,Colt Melendez,26,4503,Vulputate Mauris Institute,4453.75,247
9099,Kasper Oneill,81,4670,Sit Institute,4459.23,210
9775,Alan Vaughan,32,2321,Donec Luctus Aliquet Consulting,4461.45,337
4173,Benjamin Benton,20,3880,Vel Mauris Foundation,4469.37,84
1577,Xander Lawrence,71,8640,Dolor Consulting,4473.43,38
5838,Orlando Matthews,75,4720,Semper Auctor Mauris Industries,4480.72,144
6722,Jack Howe,58,6791,Neque In Inc.,4502.39,65
4470,Lee Hammond,36,650,Aliquam Vulputate Ullamcorper Corp.,4503.15,328
6823,Seth Duffy,41,149,Ut Eros Incorporated,4503.31,149
9834,Kuame Salas,59,6484,Rhoncus Id Mollis Associates,4506.83,33
9208,Ignatius Monroe,51,6484,Rhoncus Id Mollis Associates,4506.83,257
4686,Igor Jimenez,53,1124,Non Egestas A Industries,4514.55,325
8611,Jack Prince,51,3902,Nec Cursus A Industries,4519.64,278
4702,Kaseem Sims,35,6021,Et Euismod Foundation,4540.02,68
6719,Cody Frank,29,8929,Nunc Est Corporation,4545.15,73
7644,Arthur Bolton,50,8887,Mauris Rhoncus Industries,4556.06,194
509,Dominic Estrada,68,7772,Eleifend Nunc Industries,4556.46,70
9946,Baxter Mack,21,9008,Quisque Limited,4566.66,175
9848,Lev May,36,9008,Quisque Limited,4566.66,47
9775,Alan Vaughan,32,1802,Augue Inc.,4567.64,337
4800,Richard Park,19,8340,Donec Egestas Duis Ltd,4577.8,25
2978,Zephania Kinney,82,8340,Donec Egestas Duis Ltd,4577.8,176
9972,Stephen Alvarez,70,6691,Erat Eget Inc.,4581.44,126
6727,Murphy Robbins,76,5031,Libero Lacus Foundation,4584.69,141
4334,Reece Fulton,49,7822,Sem Ut Cursus Corporation,4594.02,107
9208,Ignatius Monroe,51,2212,Donec Nibh Company,4597.41,257
5089,Adrian Jimenez,61,993,Lectus Foundation,4600.91,89
2027,Tarik Fisher,51,1238,A Sollicitudin Orci Incorporated,4602.69,51
9283,Arden Oconnor,32,2863,Fringilla LLC,4604.46,253
1670,Amery Todd,32,1968,Ante Dictum LLC,4606.77,272
6542,Mason Cobb,65,2065,Nunc LLC,4623.44,49
2502,Rafael Alston,19,3599,Facilisis Eget Ipsum Ltd,4629.5,373
4192,Myles Lynn,71,8150,Sit Amet Ultricies Industries,4629.78,226
147,Silas Ramirez,78,6479,Non Vestibulum Nec LLC,4641.08,32
8927,Colt Walsh,37,8992,Pede Foundation,4645.66,163
4173,Benjamin Benton,20,8403,Vestibulum Limited,4646.83,84
2648,Lee Buck,81,5529,Massa Quisque Porttitor Corp.,4672.06,29
1191,Maxwell Sellers,81,1224,Scelerisque Lorem Ipsum Corporation,4673.01,198
2985,Graiden Castaneda,90,1059,Nibh Donec Est Corp.,4673.96,200
4514,Caleb Hull,86,9719,Leo Corporation,4675.98,242
2652,Seth Puckett,84,687,Lectus LLP,4677.57,60
5526,Fletcher Navarro,89,9731,Diam Sed Diam Corp.,4682.1,353
55,Magee Castillo,78,847,Phasellus Ornare Fusce Corporation,4684.47,299
8559,Wallace Price,68,7924,Scelerisque Mollis Phasellus LLP,4692.79,171
3420,Tarik Bernard,83,9749,Aliquam Auctor Associates,4693.1,369
6151,Gary Maldonado,28,5430,Diam Pellentesque Habitant Ltd,4695.17,311
8969,Philip Calderon,78,1664,Nunc Ut Associates,4701.69,52
3083,Burke Jacobson,36,4903,Eu Institute,4706.27,312
2926,Armand Logan,24,4916,Diam Luctus Associates,4707.09,14
7382,Hamilton Ratliff,41,29,Vivamus Rhoncus Incorporated,4712.32,181
2055,Timon Mayo,73,1841,Integer Tincidunt Aliquam Ltd,4735.88,85
6719,Cody Frank,29,1784,Eu Erat PC,4748.87,73
1335,Dennis Franklin,79,4965,Vulputate Lacus Cras Incorporated,4751.73,219
5936,Drake Morse,43,3442,Duis Institute,4760.76,93
8654,Flynn Kent,67,8024,Interdum Feugiat Institute,4763.46,190
3717,Vladimir Glenn,73,7853,Vitae Aliquet Nec Associates,4768.4,297
8605,Xander Mendoza,64,9497,Sem Ut Ltd,4772.23,224
5472,Ciaran Romero,65,9497,Sem Ut Ltd,4772.23,82
5182,Bradley Dennis,76,4373,Elementum Consulting,4805.88,315
5275,Hector Harrington,18,8356,Faucibus Ut Nulla Corp.,4810.76,27
6719,Cody Frank,29,1929,Ridiculus PC,4811.15,73
2235,Wesley Beck,66,9670,Ipsum Cursus Vestibulum Consulting,4813.14,359
1531,Clarke Steele,63,8163,Mi Duis Limited,4821.46,214
8188,Justin Burch,51,3814,Lacus Etiam Bibendum Institute,4825.48,197
9946,Baxter Mack,21,3785,Semper Company,4826.67,175
4530,Seth Donaldson,36,5923,Tortor Institute,4833.77,178
1153,Derek Leach,64,3400,Primis In Corp.,4838.87,202
4357,Louis Barrera,32,7962,Sagittis Company,4852.1,380
7424,Moses Sharpe,68,8858,Purus Sapien Inc.,4857.51,351
8852,Hayes Kelley,90,1200,Arcu Corp.,4861.68,271
1830,Armand Vance,73,913,Quisque Ltd,4868.37,368
9618,Amery Rice,86,9783,Magna Nec Corp.,4872.93,188
2342,Jarrod Finch,47,3509,Netus Inc.,4874.1,177
735,Micah Russell,81,3509,Netus Inc.,4874.1,227
9848,Lev May,36,8734,Tortor Incorporated,4875.76,47
6559,Ryder Barnes,34,6699,Mollis Integer Tincidunt Industries,4881.28,136
542,Yuli Nieves,86,6274,Ut Industries,4884.23,313
2315,Murphy Austin,42,7527,Phasellus Incorporated,4887.68,292
9775,Alan Vaughan,32,3454,Parturient Corp.,4887.88,337
7686,Colin Hodges,20,7565,Urna Vivamus Molestie LLC,4888.35,269
3754,Dillon Petersen,81,7565,Urna Vivamus Molestie LLC,4888.35,69
3304,Carlos Malone,80,2830,Lacinia Sed Corp.,4894.15,265
542,Yuli Nieves,86,502,Sagittis Felis Donec Company,4894.18,313
4892,Carlos Hutchinson,85,6275,Enim Diam Vel Corporation,4896.61,160
9669,Adam Ramsey,51,8017,Risus Quisque Associates,4896.73,230
8229,Rashad Mcdonald,70,9198,Pulvinar Limited,4899.84,98
1670,Amery Todd,32,8857,Est Vitae Limited,4901.98,272
2545,Jack Sanford,87,127,Posuere Vulputate LLP,4902.14,179
5072,Otto Phillips,58,1121,Nibh Enim PC,4915.52,291
3239,Ezekiel Dennis,34,2514,Ligula Company,4930.48,221
5072,Otto Phillips,58,1710,Ut Semper Pretium Industries,4934.72,291
1975,Xavier Daniel,61,2630,Rutrum Justo Inc.,4936.26,105
8927,Colt Walsh,37,8236,Nulla Inc.,4939.39,163
7104,Uriah Brown,22,9146,Diam Ltd,4958.22,15
6297,Stephen Bullock,61,3256,In Company,4959.08,111
1586,Ferris Clarke,37,1576,Nunc Ac Limited,4964.79,18
6247,Moses Guerra,39,1576,Nunc Ac Limited,4964.79,251
6823,Seth Duffy,41,6937,Pede Blandit Congue Consulting,4969.51,149
2978,Zephania Kinney,82,8121,Nascetur Ridiculus Company,4977.58,176
6559,Ryder Barnes,34,342,Aenean Massa Foundation,4983.64,136
3004,Daquan Reid,75,7746,Egestas Duis Ac Incorporated,4985.54,203
648,Rogan Daugherty,88,4384,Ut Inc.,4986.16,58
1300,Bevis Lott,66,6232,Diam Foundation,4986.92,378
2525,Theodore Heath,67,3021,Eu Corporation,4987.56,108
3754,Dillon Petersen,81,6489,Ultricies Sem Industries,4987.75,69
4950,Emmanuel Hawkins,28,1996,Quisque Ornare Tortor LLP,4989.92,106
8819,Plato Young,76,6356,Vulputate Nisi Sem Associates,4998.59,307
